{
  "info" : {
    "name" : "Korean OCR Data Set",
    "description" : "Korean OCR Data Set (letter handwrite)",
    "date_created" : "2020-12-23 11:30:19",
    "text" : "괘"
  },
  "image" : {
    "file_name" : "00330001099.jpg",
    "width" : 113,
    "height" : 111,
    "dpi" : 300,
    "bit" : 24
  },
  "text" : {
    "type" : "letter",
    "output" : "handwrite",
    "letter" : {
      "value" : "괘"
    }
  },
  "license" : {
    "output" : "handwrite",
    "font" : "",
    "font_no" : "",
    "font_license" : "",
    "font_url" : "",
    "writer_no" : "003",
    "writer_gender" : "female",
    "writer_age" : "20"
  }
}