{
  "info" : {
    "name" : "Korean OCR Data Set",
    "description" : "Korean OCR Data Set (letter handwrite)",
    "date_created" : "2021-01-19 12:19:40",
    "text" : "낡"
  },
  "image" : {
    "file_name" : "02430003038.jpg",
    "width" : 111,
    "height" : 111,
    "dpi" : 300,
    "bit" : 24
  },
  "text" : {
    "type" : "letter",
    "output" : "handwrite",
    "letter" : {
      "value" : "낡"
    }
  },
  "license" : {
    "output" : "handwrite",
    "font" : "",
    "font_no" : "",
    "font_license" : "",
    "font_url" : "",
    "writer_no" : "024",
    "writer_gender" : "male",
    "writer_age" : "20"
  }
}