{
  "info" : {
    "name" : "Korean OCR Data Set",
    "description" : "Korean OCR Data Set (letter handwrite)",
    "date_created" : "2020-12-23 13:43:37",
    "text" : "갠"
  },
  "image" : {
    "file_name" : "00430001021.jpg",
    "width" : 110,
    "height" : 109,
    "dpi" : 300,
    "bit" : 24
  },
  "text" : {
    "type" : "letter",
    "output" : "handwrite",
    "letter" : {
      "value" : "갠"
    }
  },
  "license" : {
    "output" : "handwrite",
    "font" : "",
    "font_no" : "",
    "font_license" : "",
    "font_url" : "",
    "writer_no" : "004",
    "writer_gender" : "male",
    "writer_age" : "50"
  }
}