{
  "info" : {
    "name" : "Korean OCR Data Set",
    "description" : "Korean OCR Data Set (letter handwrite)",
    "date_created" : "2021-02-02 23:20:56",
    "text" : "뀌"
  },
  "image" : {
    "file_name" : "07930003006.jpg",
    "width" : 111,
    "height" : 111,
    "dpi" : 300,
    "bit" : 24
  },
  "text" : {
    "type" : "letter",
    "output" : "handwrite",
    "letter" : {
      "value" : "뀌"
    }
  },
  "license" : {
    "output" : "handwrite",
    "font" : "",
    "font_no" : "",
    "font_license" : "",
    "font_url" : "",
    "writer_no" : "079",
    "writer_gender" : "female",
    "writer_age" : "20"
  }
}