{
  "info" : {
    "name" : "Korean OCR Data Set",
    "description" : "Korean OCR Data Set (letter handwrite)",
    "date_created" : "2020-12-31 15:25:21",
    "text" : "뎁"
  },
  "image" : {
    "file_name" : "01130004090.jpg",
    "width" : 111,
    "height" : 109,
    "dpi" : 300,
    "bit" : 24
  },
  "text" : {
    "type" : "letter",
    "output" : "handwrite",
    "letter" : {
      "value" : "뎁"
    }
  },
  "license" : {
    "output" : "handwrite",
    "font" : "",
    "font_no" : "",
    "font_license" : "",
    "font_url" : "",
    "writer_no" : "011",
    "writer_gender" : "female",
    "writer_age" : "40"
  }
}