{
  "info" : {
    "name" : "Korean OCR Data Set",
    "description" : "Korean OCR Data Set (letter handwrite)",
    "date_created" : "2021-01-07 15:00:49",
    "text" : "긁"
  },
  "image" : {
    "file_name" : "01630002024.jpg",
    "width" : 109,
    "height" : 110,
    "dpi" : 300,
    "bit" : 24
  },
  "text" : {
    "type" : "letter",
    "output" : "handwrite",
    "letter" : {
      "value" : "긁"
    }
  },
  "license" : {
    "output" : "handwrite",
    "font" : "",
    "font_no" : "",
    "font_license" : "",
    "font_url" : "",
    "writer_no" : "016",
    "writer_gender" : "female",
    "writer_age" : "50"
  }
}