{
  "info" : {
    "name" : "Korean OCR Data Set",
    "description" : "Korean OCR Data Set (letter handwrite)",
    "date_created" : "2021-02-03 16:57:29",
    "text" : "겁"
  },
  "image" : {
    "file_name" : "12030001044.jpg",
    "width" : 110,
    "height" : 109,
    "dpi" : 300,
    "bit" : 24
  },
  "text" : {
    "type" : "letter",
    "output" : "handwrite",
    "letter" : {
      "value" : "겁"
    }
  },
  "license" : {
    "output" : "handwrite",
    "font" : "",
    "font_no" : "",
    "font_license" : "",
    "font_url" : "",
    "writer_no" : "120",
    "writer_gender" : "female",
    "writer_age" : "30"
  }
}