{
  "info" : {
    "name" : "Korean OCR Data Set",
    "description" : "Korean OCR Data Set (letter handwrite)",
    "date_created" : "2021-01-28 14:20:32",
    "text" : "궝"
  },
  "image" : {
    "file_name" : "03130002006.jpg",
    "width" : 110,
    "height" : 113,
    "dpi" : 300,
    "bit" : 24
  },
  "text" : {
    "type" : "letter",
    "output" : "handwrite",
    "letter" : {
      "value" : "궝"
    }
  },
  "license" : {
    "output" : "handwrite",
    "font" : "",
    "font_no" : "",
    "font_license" : "",
    "font_url" : "",
    "writer_no" : "031",
    "writer_gender" : "female",
    "writer_age" : "40"
  }
}