{
  "info" : {
    "name" : "Korean OCR Data Set",
    "description" : "Korean OCR Data Set (letter handwrite)",
    "date_created" : "2020-12-22 13:49:57",
    "text" : "깃"
  },
  "image" : {
    "file_name" : "00130002038.jpg",
    "width" : 111,
    "height" : 110,
    "dpi" : 300,
    "bit" : 24
  },
  "text" : {
    "type" : "letter",
    "output" : "handwrite",
    "letter" : {
      "value" : "깃"
    }
  },
  "license" : {
    "output" : "handwrite",
    "font" : "",
    "font_no" : "",
    "font_license" : "",
    "font_url" : "",
    "writer_no" : "001",
    "writer_gender" : "female",
    "writer_age" : "40"
  }
}