{
  "info" : {
    "name" : "Korean OCR Data Set",
    "description" : "Korean OCR Data Set (letter handwrite)",
    "date_created" : "2021-02-03 01:32:37",
    "text" : "궉"
  },
  "image" : {
    "file_name" : "08730002002.jpg",
    "width" : 111,
    "height" : 112,
    "dpi" : 300,
    "bit" : 24
  },
  "text" : {
    "type" : "letter",
    "output" : "handwrite",
    "letter" : {
      "value" : "궉"
    }
  },
  "license" : {
    "output" : "handwrite",
    "font" : "",
    "font_no" : "",
    "font_license" : "",
    "font_url" : "",
    "writer_no" : "087",
    "writer_gender" : "female",
    "writer_age" : "20"
  }
}