{
  "info" : {
    "name" : "Korean OCR Data Set",
    "description" : "Korean OCR Data Set (letter handwrite)",
    "date_created" : "2020-12-31 11:33:58",
    "text" : "눼"
  },
  "image" : {
    "file_name" : "01030004006.jpg",
    "width" : 110,
    "height" : 110,
    "dpi" : 300,
    "bit" : 24
  },
  "text" : {
    "type" : "letter",
    "output" : "handwrite",
    "letter" : {
      "value" : "눼"
    }
  },
  "license" : {
    "output" : "handwrite",
    "font" : "",
    "font_no" : "",
    "font_license" : "",
    "font_url" : "",
    "writer_no" : "010",
    "writer_gender" : "female",
    "writer_age" : "30"
  }
}