{
  "info" : {
    "name" : "Korean OCR Data Set",
    "description" : "Korean OCR Data Set (letter handwrite)",
    "date_created" : "2021-02-02 19:25:57",
    "text" : "냑"
  },
  "image" : {
    "file_name" : "07130003059.jpg",
    "width" : 110,
    "height" : 109,
    "dpi" : 300,
    "bit" : 24
  },
  "text" : {
    "type" : "letter",
    "output" : "handwrite",
    "letter" : {
      "value" : "냑"
    }
  },
  "license" : {
    "output" : "handwrite",
    "font" : "",
    "font_no" : "",
    "font_license" : "",
    "font_url" : "",
    "writer_no" : "071",
    "writer_gender" : "female",
    "writer_age" : "30"
  }
}