{
  "info" : {
    "name" : "Korean OCR Data Set",
    "description" : "Korean OCR Data Set (letter handwrite)",
    "date_created" : "2021-02-01 10:30:51",
    "text" : "껸"
  },
  "image" : {
    "file_name" : "03230002083.jpg",
    "width" : 113,
    "height" : 112,
    "dpi" : 300,
    "bit" : 24
  },
  "text" : {
    "type" : "letter",
    "output" : "handwrite",
    "letter" : {
      "value" : "껸"
    }
  },
  "license" : {
    "output" : "handwrite",
    "font" : "",
    "font_no" : "",
    "font_license" : "",
    "font_url" : "",
    "writer_no" : "032",
    "writer_gender" : "male",
    "writer_age" : "60"
  }
}