{
  "info" : {
    "name" : "Korean OCR Data Set",
    "description" : "Korean OCR Data Set (letter handwrite)",
    "date_created" : "2021-02-01 10:30:39",
    "text" : "꺄"
  },
  "image" : {
    "file_name" : "03230002063.jpg",
    "width" : 114,
    "height" : 111,
    "dpi" : 300,
    "bit" : 24
  },
  "text" : {
    "type" : "letter",
    "output" : "handwrite",
    "letter" : {
      "value" : "꺄"
    }
  },
  "license" : {
    "output" : "handwrite",
    "font" : "",
    "font_no" : "",
    "font_license" : "",
    "font_url" : "",
    "writer_no" : "032",
    "writer_gender" : "male",
    "writer_age" : "60"
  }
}