{
  "info" : {
    "name" : "Korean OCR Data Set",
    "description" : "Korean OCR Data Set (letter handwrite)",
    "date_created" : "2021-01-22 14:35:01",
    "text" : "더"
  },
  "image" : {
    "file_name" : "02830004071.jpg",
    "width" : 109,
    "height" : 111,
    "dpi" : 300,
    "bit" : 24
  },
  "text" : {
    "type" : "letter",
    "output" : "handwrite",
    "letter" : {
      "value" : "더"
    }
  },
  "license" : {
    "output" : "handwrite",
    "font" : "",
    "font_no" : "",
    "font_license" : "",
    "font_url" : "",
    "writer_no" : "028",
    "writer_gender" : "male",
    "writer_age" : "20"
  }
}