{
  "info" : {
    "name" : "Korean OCR Data Set",
    "description" : "Korean OCR Data Set (letter handwrite)",
    "date_created" : "2021-02-02 20:55:32",
    "text" : "능"
  },
  "image" : {
    "file_name" : "07330004027.jpg",
    "width" : 108,
    "height" : 109,
    "dpi" : 300,
    "bit" : 24
  },
  "text" : {
    "type" : "letter",
    "output" : "handwrite",
    "letter" : {
      "value" : "능"
    }
  },
  "license" : {
    "output" : "handwrite",
    "font" : "",
    "font_no" : "",
    "font_license" : "",
    "font_url" : "",
    "writer_no" : "073",
    "writer_gender" : "female",
    "writer_age" : "50"
  }
}