{
  "info" : {
    "name" : "Korean OCR Data Set",
    "description" : "Korean OCR Data Set (letter handwrite)",
    "date_created" : "2021-02-03 16:14:17",
    "text" : "달"
  },
  "image" : {
    "file_name" : "11630004048.jpg",
    "width" : 111,
    "height" : 110,
    "dpi" : 300,
    "bit" : 24
  },
  "text" : {
    "type" : "letter",
    "output" : "handwrite",
    "letter" : {
      "value" : "달"
    }
  },
  "license" : {
    "output" : "handwrite",
    "font" : "",
    "font_no" : "",
    "font_license" : "",
    "font_url" : "",
    "writer_no" : "116",
    "writer_gender" : "male",
    "writer_age" : "40"
  }
}