{
  "info" : {
    "name" : "Korean OCR Data Set",
    "description" : "Korean OCR Data Set (letter handwrite)",
    "date_created" : "2021-02-02 17:44:25",
    "text" : "깽"
  },
  "image" : {
    "file_name" : "06930002062.jpg",
    "width" : 111,
    "height" : 107,
    "dpi" : 300,
    "bit" : 24
  },
  "text" : {
    "type" : "letter",
    "output" : "handwrite",
    "letter" : {
      "value" : "깽"
    }
  },
  "license" : {
    "output" : "handwrite",
    "font" : "",
    "font_no" : "",
    "font_license" : "",
    "font_url" : "",
    "writer_no" : "069",
    "writer_gender" : "male",
    "writer_age" : "60"
  }
}