{
  "info" : {
    "name" : "Korean OCR Data Set",
    "description" : "Korean OCR Data Set (letter handwrite)",
    "date_created" : "2021-02-02 11:23:33",
    "text" : "독"
  },
  "image" : {
    "file_name" : "05430004102.jpg",
    "width" : 109,
    "height" : 104,
    "dpi" : 300,
    "bit" : 24
  },
  "text" : {
    "type" : "letter",
    "output" : "handwrite",
    "letter" : {
      "value" : "독"
    }
  },
  "license" : {
    "output" : "handwrite",
    "font" : "",
    "font_no" : "",
    "font_license" : "",
    "font_url" : "",
    "writer_no" : "054",
    "writer_gender" : "male",
    "writer_age" : "60"
  }
}