{
  "info" : {
    "name" : "Korean OCR Data Set",
    "description" : "Korean OCR Data Set (letter handwrite)",
    "date_created" : "2021-02-03 13:05:12",
    "text" : "날"
  },
  "image" : {
    "file_name" : "10030003037.jpg",
    "width" : 112,
    "height" : 110,
    "dpi" : 300,
    "bit" : 24
  },
  "text" : {
    "type" : "letter",
    "output" : "handwrite",
    "letter" : {
      "value" : "날"
    }
  },
  "license" : {
    "output" : "handwrite",
    "font" : "",
    "font_no" : "",
    "font_license" : "",
    "font_url" : "",
    "writer_no" : "100",
    "writer_gender" : "female",
    "writer_age" : "50"
  }
}