{
  "info" : {
    "name" : "Korean OCR Data Set",
    "description" : "Korean OCR Data Set (letter handwrite)",
    "date_created" : "2021-02-03 13:04:06",
    "text" : "꼬"
  },
  "image" : {
    "file_name" : "10030002089.jpg",
    "width" : 111,
    "height" : 110,
    "dpi" : 300,
    "bit" : 24
  },
  "text" : {
    "type" : "letter",
    "output" : "handwrite",
    "letter" : {
      "value" : "꼬"
    }
  },
  "license" : {
    "output" : "handwrite",
    "font" : "",
    "font_no" : "",
    "font_license" : "",
    "font_url" : "",
    "writer_no" : "100",
    "writer_gender" : "female",
    "writer_age" : "50"
  }
}